layer,name,address,size
vm-glue,swvExit,0x2caac4,0x24
vm-glue,swvMemCpy,0x2caae8,0x24
vm-glue,swvMemSet,0x2cab0c,0x24
vm-glue,swvFree,0x2cab30,0x24
vm-glue,swvAllocate,0x2cab54,0x24
vm-glue,swvGetGlobalDataPointer,0x2cab78,0x34
vm-glue,swvSetGlobalDataPointer,0x2cabac,0x38
vm-glue,swvAdler32,0x2cabe4,0x24
vm-glue,swvDecompressOnDataEnd,0x2cac08,0x9c
vm-glue,swvDecompressError,0x2caca4,0x24
vm-glue,swvDecompressOnData,0x2cacc8,0x118
vm-glue,swvDecompressOnDataStart,0x2cade0,0xf0
vm-glue,swvLoaderGetRoot,0x2caf48,0x58
vm-glue,swvLoaderGetRootCount,0x2cafa0,0x4c
vm-glue,swvLoaderFree,0x2cb0cc,0x50
vm-glue,swvLoaderCreate,0x2cb11c,0xb0
vm-glue,swvLoadNamed,0x2cb1cc,0xa8
vm-glue,swvLoaderLoadNamed,0x2cb50c,0x288
vm-glue,swvLoaderLoadBuffer,0x2cb794,0x190
vm-glue,swvLoadBuffer,0x2cb924,0xb0
vm-glue,swvURIIsRelative_stdio,0x2cb9d4,0x48
vm-glue,swvURIResolve_stdio,0x2cba1c,0x134
vm-glue,swvURIRead_stdio,0x2cbb50,0x128
vm-glue,swvPNGLoadBuffer,0x2cbc78,0x888
vm-glue,swvPNGLoadNamed,0x2cc500,0x1c0
vm-glue,swvwcstombs,0x2cc73c,0x3c
vm-glue,swvmbstowcs,0x2cc778,0x44
vm-glue,swvItoW,0x2cc7bc,0xbc
vm-glue,swvFtoW,0x2cc878,0x224
vm-glue,swvStrCpy,0x2cca9c,0x4c
vm-glue,swvStrCat,0x2ccae8,0x64
vm-glue,swvStrLen,0x2ccb4c,0x2c
swerve-core,appearance_create,0x2cee94,
swerve-core,appearance_getLayer,0x2cef04,
swerve-core,appearance_setLayer,0x2cef18,
swerve-core,appearance_getMaterial,0x2cef84,
swerve-core,appearance_setMaterial,0x2cefb0,
swerve-core,appearance_getFog,0x2cefc4,
swerve-core,appearance_setFog,0x2ceff0,
swerve-core,appearance_getCompositingMode,0x2cf004,
swerve-core,appearance_setCompositingMode,0x2cf030,
swerve-core,appearance_getPolygonMode,0x2cf044,
swerve-core,appearance_setPolygonMode,0x2cf070,
swerve-core,appearance_getTexture,0x2cf084,
swerve-core,appearance_setTexture,0x2cf110,
swerve-core,background_create,0x2cf180,
swerve-core,background_getColor,0x2cf1f0,
swerve-core,background_setColor,0x2cf204,
swerve-core,background_getImage,0x2cf214,
swerve-core,background_setImage,0x2cf240,
swerve-core,background_getImageModeX,0x2cf2a4,
swerve-core,background_getImageModeY,0x2cf2b8,
swerve-core,background_getCropX,0x2cf2cc,
swerve-core,background_getCropY,0x2cf2f4,
swerve-core,background_getCropWidth,0x2cf31c,
swerve-core,background_getCropHeight,0x2cf344,
swerve-core,background_isColorClearEnabled,0x2cf36c,
swerve-core,background_setColorClearEnable,0x2cf380,
swerve-core,background_isDepthClearEnabled,0x2cf398,
swerve-core,background_setDepthClearEnable,0x2cf3ac,
swerve-core,background_setImageMode,0x2cf3c4,
swerve-core,background_setCrop,0x2cf44c,
swerve-core,camera_create,0x2cf500,
swerve-core,camera_getProjectionParams,0x2cf570,
swerve-core,camera_getProjectionTransform,0x2cf5e0,
swerve-core,camera_setGeneric,0x2cf64c,
swerve-core,camera_setParallel,0x2cf6c4,
swerve-core,camera_setPerspective,0x2cf7a0,
swerve-core,compositingmode_create,0x2cf8d4,
swerve-core,compositingmode_getAlphaThreshold,0x2cf944,
swerve-core,compositingmode_setAlphaThreshold,0x2cf958,
swerve-core,compositingmode_getBlending,0x2cf9f0,
swerve-core,compositingmode_setBlending,0x2cfa04,
swerve-core,compositingmode_isColorWriteEnabled,0x2cfa70,
swerve-core,compositingmode_setColorWriteEnable,0x2cfa84,
swerve-core,compositingmode_isAlphaWriteEnabled,0x2cfa9c,
swerve-core,compositingmode_setAlphaWriteEnable,0x2cfab0,
swerve-core,compositingmode_isDepthWriteEnabled,0x2cfac8,
swerve-core,compositingmode_setDepthWriteEnable,0x2cfadc,
swerve-core,compositingmode_isDepthTestEnabled,0x2cfaf4,
swerve-core,compositingmode_setDepthTestEnable,0x2cfb08,
swerve-core,compositingmode_getDepthOffsetFactor,0x2cfb20,
swerve-core,compositingmode_getDepthOffsetUnits,0x2cfb34,
swerve-core,compositingmode_setDepthOffset,0x2cfb48,
swerve-core,fog_create,0x2f397c,
swerve-core,fog_getColor,0x2f39ec,
swerve-core,fog_setColor,0x2f3a04,
swerve-core,fog_getDensity,0x2f3a18,
swerve-core,fog_setDensity,0x2f3a2c,
swerve-core,fog_getMode,0x2f3aac,
swerve-core,fog_setMode,0x2f3ac0,
swerve-core,fog_getNearDistance,0x2f3b2c,
swerve-core,fog_getFarDistance,0x2f3b40,
swerve-core,fog_setLinear,0x2f3b54,
swerve-core,graphics3d_getWidth,0x2f3bd8,
swerve-core,graphics3d_getHeight,0x2f3bec,
swerve-core,graphics3d_getPitch,0x2f3c00,
swerve-core,graphics3d_getPixels,0x2f3c14,
swerve-core,graphics3d_getDepthRangeNear,0x2f3c28,
swerve-core,graphics3d_getDepthRangeFar,0x2f3c3c,
swerve-core,graphics3d_isDepthBufferEnabled,0x2f3c50,
swerve-core,graphics3d_getHints,0x2f3c64,
swerve-core,graphics3d_getLightCount,0x2f3c80,
swerve-core,graphics3d_create,0x2f3c94,
swerve-core,graphics3d_setBackBufferData,0x2f3d00,
swerve-core,graphics3d_setCroppedBackBufferData,0x2f3d78,
swerve-core,graphics3d_setBackBufferImage2D,0x2f3e10,
swerve-core,graphics3d_updateBackBufferData,0x2f3e74,
swerve-core,graphics3d_setHints,0x2f3e80,
swerve-core,graphics3d_setViewport,0x2f3eec,
swerve-core,graphics3d_setDepthRange,0x2f3f64,
swerve-core,graphics3d_clear,0x2f404c,
swerve-core,graphics3d_renderPrimitive,0x2f40b0,
swerve-core,graphics3d_renderNode,0x2f4178,
swerve-core,graphics3d_renderWorld,0x2f41fc,
swerve-core,graphics3d_getCamera,0x2f4274,
swerve-core,graphics3d_setCamera,0x2f42f8,
swerve-core,graphics3d_setLight,0x2f4368,
swerve-core,graphics3d_getLight,0x2f43e0,
swerve-core,graphics3d_addLight,0x2f446c,
swerve-core,graphics3d_resetLights,0x2f44f8,
swerve-core,graphics3d_getCapability,0x2f4550,
swerve-core,group_create,0x2f45c0,
swerve-core,group_getChildCount,0x2f4630,
swerve-core,group_getChild,0x2f464c,
swerve-core,group_addChild,0x2f46cc,
swerve-core,group_removeChild,0x2f4730,
swerve-core,group_pickNode,0x2f4794,
swerve-core,group_pickCamera,0x2f4884,
swerve-core,indexbuffer_getIndexCount,0x2f4ebc,
swerve-core,indexbuffer_getIndices,0x2f4ee0,
swerve-core,keyframesequence_create,0x2f4f64,
swerve-core,keyframesequence_getDuration,0x2f5050,
swerve-core,keyframesequence_setDuration,0x2f5064,
swerve-core,keyframesequence_getRepeatMode,0x2f50d4,
swerve-core,keyframesequence_setRepeatMode,0x2f50e8,
swerve-core,keyframesequence_getKeyframeCount,0x2f5154,
swerve-core,keyframesequence_getComponentCount,0x2f5168,
swerve-core,keyframesequence_getInterpolationType,0x2f517c,
swerve-core,keyframesequence_getValidRangeFirst,0x2f5190,
swerve-core,keyframesequence_getValidRangeLast,0x2f51a4,
swerve-core,keyframesequence_getKeyframe,0x2f51b8,
swerve-core,keyframesequence_setKeyframe,0x2f5230,
swerve-core,keyframesequence_setValidRange,0x2f52c4,
swerve-core,light_create,0x2f5334,
swerve-core,light_getMode,0x2f53a4,
swerve-core,light_setMode,0x2f53b8,
swerve-core,light_getColor,0x2f542c,
swerve-core,light_setColor,0x2f5444,
swerve-core,light_getIntensity,0x2f5450,
swerve-core,light_setIntensity,0x2f5464,
swerve-core,light_getSpotAngle,0x2f54d0,
swerve-core,light_setSpotAngle,0x2f54e4,
swerve-core,light_getSpotExponent,0x2f5584,
swerve-core,light_setSpotExponent,0x2f5598,
swerve-core,light_getConstantAttenuation,0x2f5638,
swerve-core,light_getLinearAttenuation,0x2f564c,
swerve-core,light_getQuadraticAttenuation,0x2f5660,
swerve-core,light_setAttenuation,0x2f5674,
swerve-core,loader_create,0x2f5760,
swerve-core,loader_getbContainsExtensions,0x2f57cc,
swerve-core,loader_onDataStart,0x2f57e0,
swerve-core,loader_onDataEnd,0x2f5854,
swerve-core,loader_onData,0x2f58bc,
swerve-core,loader_onError,0x2f5944,
swerve-core,loader_getRootCount,0x2f59ac,
swerve-core,loader_getRoot,0x2f59c0,
swerve-core,loader_getXREFName,0x2f59f8,
swerve-core,loader_resolveXREF,0x2f5a14,
swerve-core,loader_getAuthoringField,0x2f5a28,
swerve-core,material_create,0x2f5a44,
swerve-core,material_getShininess,0x2f5ab4,
swerve-core,material_setShininess,0x2f5ac8,
swerve-core,material_isVertexColorTrackingEnabled,0x2f5b60,
swerve-core,material_setVertexColorTrackingEnable,0x2f5b74,
swerve-core,material_getColor,0x2f5b8c,
swerve-core,material_setColor,0x2f5c10,
swerve-core,mesh_createMultiSubmesh,0x2f5c7c,
swerve-core,mesh_createSingleSubmesh,0x2f5d60,
swerve-core,mesh_getSubmeshCount,0x2f5e44,
swerve-core,mesh_getVertexBuffer,0x2f5e58,
swerve-core,mesh_getIndexBuffer,0x2f5e94,
swerve-core,mesh_getAppearance,0x2f5f14,
swerve-core,mesh_setAppearance,0x2f5f94,
swerve-core,morphingmesh_createMultiSubmesh,0x2f6004,
swerve-core,morphingmesh_createSingleSubmesh,0x2f6104,
swerve-core,morphingmesh_getMorphTargetCount,0x2f6200,
swerve-core,morphingmesh_getMorphTarget,0x2f6214,
swerve-core,morphingmesh_getWeights,0x2f62a8,
swerve-core,morphingmesh_setWeights,0x2f6320,
swerve-core,object3d_getUserID,0x2f67a8,
swerve-core,object3d_setUserID,0x2f67bc,
swerve-core,object3d_getAnimationTrackCount,0x2f67cc,
swerve-core,object3d_getAnimationTrack,0x2f67e8,
swerve-core,object3d_addAnimationTrack,0x2f6868,
swerve-core,object3d_removeAnimationTrack,0x2f68e0,
swerve-core,object3d_animate,0x2f68f4,
swerve-core,object3d_find,0x2f6960,
swerve-core,object3d_getReferences,0x2f6994,
swerve-core,object3d_getUserParameter,0x2f69e4,
swerve-core,object3d_setUserParameter,0x2f6a00,
swerve-core,object3d_removeUserParameters,0x2f6a70,
swerve-core,object3d_getUserParameterID,0x2f6a7c,
swerve-core,object3d_getUserParameterValue,0x2f6a9c,
swerve-core,object3d_duplicate,0x2f6ab8,
swerve-core,polygonmode_create,0x2f6b3c,
swerve-core,polygonmode_getCulling,0x2f6bac,
swerve-core,polygonmode_setCulling,0x2f6bc8,
swerve-core,polygonmode_getShading,0x2f6c3c,
swerve-core,polygonmode_setShading,0x2f6c58,
swerve-core,polygonmode_getWinding,0x2f6ccc,
swerve-core,polygonmode_setWinding,0x2f6ce8,
swerve-core,polygonmode_isLocalCameraLightingEnabled,0x2f6d5c,
swerve-core,polygonmode_setLocalCameraLightingEnable,0x2f6d78,
swerve-core,polygonmode_isPerspectiveCorrectionEnabled,0x2f6d8c,
swerve-core,polygonmode_setPerspectiveCorrectionEnable,0x2f6da8,
swerve-core,polygonmode_isTwoSidedLightingEnabled,0x2f6dbc,
swerve-core,polygonmode_setTwoSidedLightingEnable,0x2f6dd8,
swerve-core,rayintersection_create,0x2f6e84,
swerve-core,rayintersection_getDistance,0x2f6ef4,
swerve-core,rayintersection_getIntersected,0x2f6f08,
swerve-core,rayintersection_getSubmeshIndex,0x2f6f34,
swerve-core,rayintersection_getNormalX,0x2f6f48,
swerve-core,rayintersection_getNormalY,0x2f6f5c,
swerve-core,rayintersection_getNormalZ,0x2f6f70,
swerve-core,rayintersection_getTextureS,0x2f6f84,
swerve-core,rayintersection_getTextureT,0x2f6ff8,
swerve-core,rayintersection_getRay,0x2f706c,
swerve-core,skinnedmesh_createMultiSubmesh,0x2f70ec,
swerve-core,skinnedmesh_createSingleSubmesh,0x2f71d8,
swerve-core,skinnedmesh_getSkeleton,0x2f72cc,
swerve-core,skinnedmesh_addTransform,0x2f72f8,
swerve-core,skinnedmesh_getBoneVertices,0x2f7374,
swerve-core,skinnedmesh_getBoneTransform,0x2f73fc,
swerve-core,sprite3d_create,0x2f7470,
swerve-core,sprite3d_getAppearance,0x2f755c,
swerve-core,sprite3d_setAppearance,0x2f7588,
swerve-core,sprite3d_getImage,0x2f759c,
swerve-core,sprite3d_setImage,0x2f75c8,
swerve-core,sprite3d_getCropHeight,0x2f7640,
swerve-core,sprite3d_getCropWidth,0x2f7668,
swerve-core,sprite3d_getCropX,0x2f7690,
swerve-core,sprite3d_getCropY,0x2f76b8,
swerve-core,sprite3d_isScaled,0x2f76e0,
swerve-core,sprite3d_setCrop,0x2f76f4,
swerve-core,texture2d_create,0x2f80a8,
swerve-core,texture2d_getImage,0x2f816c,
swerve-core,texture2d_setImage,0x2f8198,
swerve-core,texture2d_getBlending,0x2f8210,
swerve-core,texture2d_setBlending,0x2f8224,
swerve-core,texture2d_getBlendColor,0x2f8290,
swerve-core,texture2d_setBlendColor,0x2f82a4,
swerve-core,texture2d_getImageFilter,0x2f82b8,
swerve-core,texture2d_getLevelFilter,0x2f82cc,
swerve-core,texture2d_getWrappingS,0x2f82e0,
swerve-core,texture2d_getWrappingT,0x2f82f4,
swerve-core,texture2d_setWrapping,0x2f8308,
swerve-core,texture2d_setFiltering,0x2f8390,
swerve-core,transform_create,0x2f8420,
swerve-core,transform_createCopy,0x2f8490,
swerve-core,transform_get,0x2f8554,
swerve-core,transform_setMatrix,0x2f85cc,
swerve-core,transform_setTransform,0x2f8644,
swerve-core,transform_setIdentity,0x2f86bc,
swerve-core,transform_invert,0x2f86c8,
swerve-core,transform_postMultiply,0x2f8720,
swerve-core,transform_postRotate,0x2f8798,
swerve-core,transform_postRotateQuat,0x2f887c,
swerve-core,transform_postScale,0x2f8968,
swerve-core,transform_postTranslate,0x2f8a00,
swerve-core,transform_transform,0x2f8a98,
swerve-core,transform_transformPoints,0x2f8b40,
swerve-core,transform_transpose,0x2f8bb8,
swerve-core,transformable_getTranslation,0x2f8bd0,
swerve-core,transformable_setTranslation,0x2f8c20,
swerve-core,transformable_getScale,0x2f8cb0,
swerve-core,transformable_setScale,0x2f8d00,
swerve-core,transformable_getOrientation,0x2f8d90,
swerve-core,transformable_setOrientation,0x2f8e14,
swerve-core,transformable_translate,0x2f8ef0,
swerve-core,transformable_scale,0x2f8f80,
swerve-core,transformable_preRotate,0x2f9010,
swerve-core,transformable_postRotate,0x2f90ec,
swerve-core,transformable_getTransform,0x2f91c8,
swerve-core,transformable_getCompositeTransform,0x2f9240,
swerve-core,transformable_setTransform,0x2f92b8,
swerve-core,vertexarray_create,0x2f94c0,
swerve-core,vertexarray_getVertexCount,0x2f95b8,
swerve-core,vertexarray_getComponentCount,0x2f95cc,
swerve-core,vertexarray_getComponentType,0x2f95e0,
swerve-core,vertexarray_get16,0x2f95f4,
swerve-core,vertexarray_set16,0x2f9688,
swerve-core,vertexarray_get8,0x2f971c,
swerve-core,vertexarray_set8,0x2f97b0,
swerve-core,vertexbuffer_create,0x2f9850,
swerve-core,vertexbuffer_getNormals,0x2f98c0,
swerve-core,vertexbuffer_setNormals,0x2f98ec,
swerve-core,vertexbuffer_getColors,0x2f9950,
swerve-core,vertexbuffer_setColors,0x2f997c,
swerve-core,vertexbuffer_getDefaultColor,0x2f99e0,
swerve-core,vertexbuffer_setDefaultColor,0x2f99f4,
swerve-core,vertexbuffer_getVertexCount,0x2f9a04,
swerve-core,vertexbuffer_getPositions,0x2f9a18,
swerve-core,vertexbuffer_setPositions,0x2f9aa0,
swerve-core,vertexbuffer_getTexCoords,0x2f9b2c,
swerve-core,vertexbuffer_setTexCoords,0x2f9bbc,
swerve-core,world_create,0x2f9c50,
swerve-core,world_getActiveCamera,0x2f9cc0,
swerve-core,world_setActiveCamera,0x2f9cec,
swerve-core,world_getBackground,0x2f9d64,
swerve-core,world_setBackground,0x2f9d90,
jni-adapter,Java_javax_microedition_m3g_AnimationController_setSpeed,0x301a7d,0x7c
jni-adapter,Java_javax_microedition_m3g_AnimationController_setPosition,0x301af9,0x7c
jni-adapter,Java_javax_microedition_m3g_AnimationController_getPosition,0x301b75,0x70
jni-adapter,Java_javax_microedition_m3g_AnimationController_setActiveInterval,0x301be5,0x7c
jni-adapter,Java_javax_microedition_m3g_AnimationController_setWeight,0x301c61,0x20
jni-adapter,Java_javax_microedition_m3g_AnimationController_getRefWorldTime,0x301c81,0x20
jni-adapter,Java_javax_microedition_m3g_AnimationController_getActiveIntervalEnd,0x301ca1,0x20
jni-adapter,Java_javax_microedition_m3g_AnimationController_getActiveIntervalStart,0x301cc1,0x20
jni-adapter,Java_javax_microedition_m3g_AnimationController_getSpeed,0x301ce1,0x20
jni-adapter,Java_javax_microedition_m3g_AnimationController_getWeight,0x301d01,0x20
jni-adapter,Java_javax_microedition_m3g_AnimationController_create,0x301d21,0x20
jni-adapter,Java_javax_microedition_m3g_AnimationController_finalize,0x301d41,0x18
jni-adapter,Java_javax_microedition_m3g_AnimationTrack_setControllerImpl,0x301d59,0x24
jni-adapter,Java_javax_microedition_m3g_AnimationTrack_getTargetProperty,0x301d7d,0x20
jni-adapter,Java_javax_microedition_m3g_AnimationTrack_getKeyframeSequenceImpl,0x301d9d,0x20
jni-adapter,Java_javax_microedition_m3g_AnimationTrack_getControllerImpl,0x301dbd,0x20
jni-adapter,Java_javax_microedition_m3g_AnimationTrack_create,0x301ddd,0x80
jni-adapter,Java_javax_microedition_m3g_AnimationTrack_finalize,0x301e5d,0x18
jni-adapter,Java_javax_microedition_m3g_Appearance_setTextureImpl,0x301e75,0xa8
jni-adapter,Java_javax_microedition_m3g_Appearance_getTextureImpl,0x301f1d,0x80
jni-adapter,Java_javax_microedition_m3g_Appearance_setPolygonModeImpl,0x301f9d,0x24
jni-adapter,Java_javax_microedition_m3g_Appearance_setCompositingModeImpl,0x301fc1,0x24
jni-adapter,Java_javax_microedition_m3g_Appearance_setFogImpl,0x301fe5,0x24
jni-adapter,Java_javax_microedition_m3g_Appearance_setMaterialImpl,0x302009,0x24
jni-adapter,Java_javax_microedition_m3g_Appearance_setLayer,0x30202d,0x20
jni-adapter,Java_javax_microedition_m3g_Appearance_getPolygonModeImpl,0x30204d,0x20
jni-adapter,Java_javax_microedition_m3g_Appearance_getCompositingModeImpl,0x30206d,0x20
jni-adapter,Java_javax_microedition_m3g_Appearance_getFogImpl,0x30208d,0x20
jni-adapter,Java_javax_microedition_m3g_Appearance_getMaterialImpl,0x3020ad,0x20
jni-adapter,Java_javax_microedition_m3g_Appearance_getLayer,0x3020cd,0x20
jni-adapter,Java_javax_microedition_m3g_Appearance_create,0x3020ed,0x20
jni-adapter,Java_javax_microedition_m3g_Appearance_finalize,0x30210d,0x18
jni-adapter,Java_javax_microedition_m3g_Background_setCrop,0x302125,0x80
jni-adapter,Java_javax_microedition_m3g_Background_setImageMode,0x3021a5,0x7c
jni-adapter,Java_javax_microedition_m3g_Background_setDepthClearEnable,0x302221,0x20
jni-adapter,Java_javax_microedition_m3g_Background_setColorClearEnable,0x302241,0x20
jni-adapter,Java_javax_microedition_m3g_Background_setImageImpl,0x302261,0xa8
jni-adapter,Java_javax_microedition_m3g_Background_setColor,0x302309,0x20
jni-adapter,Java_javax_microedition_m3g_Background_isDepthClearEnabled,0x302329,0x20
jni-adapter,Java_javax_microedition_m3g_Background_isColorClearEnabled,0x302349,0x20
jni-adapter,Java_javax_microedition_m3g_Background_getCropHeight,0x302369,0x20
jni-adapter,Java_javax_microedition_m3g_Background_getCropWidth,0x302389,0x20
jni-adapter,Java_javax_microedition_m3g_Background_getCropY,0x3023a9,0x20
jni-adapter,Java_javax_microedition_m3g_Background_getCropX,0x3023c9,0x20
jni-adapter,Java_javax_microedition_m3g_Background_getImageModeY,0x3023e9,0x20
jni-adapter,Java_javax_microedition_m3g_Background_getImageModeX,0x302409,0x20
jni-adapter,Java_javax_microedition_m3g_Background_getColor,0x302429,0x20
jni-adapter,Java_javax_microedition_m3g_Background_getImageImpl,0x302449,0x20
jni-adapter,Java_javax_microedition_m3g_Background_create,0x302469,0x20
jni-adapter,Java_javax_microedition_m3g_Background_finalize,0x302489,0x18
jni-adapter,Java_javax_microedition_m3g_Camera_setPerspective,0x3024a1,0x80
jni-adapter,Java_javax_microedition_m3g_Camera_setParallel,0x302521,0x80
jni-adapter,Java_javax_microedition_m3g_Camera_setGeneric,0x3025a1,0x24
jni-adapter,Java_javax_microedition_m3g_Camera_getProjectionTransform,0x3025c5,0xac
jni-adapter,Java_javax_microedition_m3g_Camera_getProjectionParams,0x302671,0xec
jni-adapter,Java_javax_microedition_m3g_Camera_create,0x30275d,0x20
jni-adapter,Java_javax_microedition_m3g_Camera_finalize,0x30277d,0x18
jni-adapter,Java_javax_microedition_m3g_CompositingMode_setDepthOffset,0x302795,0x7c
jni-adapter,Java_javax_microedition_m3g_CompositingMode_setDepthTestEnable,0x302811,0x20
jni-adapter,Java_javax_microedition_m3g_CompositingMode_setDepthWriteEnable,0x302831,0x20
jni-adapter,Java_javax_microedition_m3g_CompositingMode_setAlphaWriteEnable,0x302851,0x20
jni-adapter,Java_javax_microedition_m3g_CompositingMode_setColorWriteEnable,0x302871,0x20
jni-adapter,Java_javax_microedition_m3g_CompositingMode_setBlending,0x302891,0x20
jni-adapter,Java_javax_microedition_m3g_CompositingMode_setAlphaThreshold,0x3028b1,0x20
jni-adapter,Java_javax_microedition_m3g_CompositingMode_getDepthOffsetUnits,0x3028d1,0x20
jni-adapter,Java_javax_microedition_m3g_CompositingMode_getDepthOffsetFactor,0x3028f1,0x20
jni-adapter,Java_javax_microedition_m3g_CompositingMode_getAlphaThreshold,0x302911,0x20
jni-adapter,Java_javax_microedition_m3g_CompositingMode_isDepthTestEnabled,0x302931,0x20
jni-adapter,Java_javax_microedition_m3g_CompositingMode_isDepthWriteEnabled,0x302951,0x20
jni-adapter,Java_javax_microedition_m3g_CompositingMode_isAlphaWriteEnabled,0x302971,0x20
jni-adapter,Java_javax_microedition_m3g_CompositingMode_isColorWriteEnabled,0x302991,0x20
jni-adapter,Java_javax_microedition_m3g_CompositingMode_getBlending,0x3029b1,0x20
jni-adapter,Java_javax_microedition_m3g_CompositingMode_create,0x3029d1,0x20
jni-adapter,Java_javax_microedition_m3g_CompositingMode_finalize,0x3029f1,0x18
jni-adapter,Java_javax_microedition_m3g_Engine_cacheFID,0x302a09,0x18
jni-adapter,Java_javax_microedition_m3g_Engine_getHandleSize,0x302a21,0x18
jni-adapter,Java_javax_microedition_m3g_Engine_getHandleType,0x302a39,0x18
jni-adapter,Java_javax_microedition_m3g_Engine_releaseHandle,0x302a51,0x18
jni-adapter,Java_javax_microedition_m3g_Engine_getBranchNumber,0x302a69,0x18
jni-adapter,Java_javax_microedition_m3g_Engine_getRevisionMinor,0x302a81,0x18
jni-adapter,Java_javax_microedition_m3g_Engine_getRevisionMajor,0x302a99,0x18
jni-adapter,Java_javax_microedition_m3g_Engine_getVersionMinor,0x302ab1,0x18
jni-adapter,Java_javax_microedition_m3g_Engine_getVersionMajor,0x302ac9,0x18
jni-adapter,Java_javax_microedition_m3g_Engine_initialize,0x302ae1,0x18
jni-adapter,Java_javax_microedition_m3g_Fog_setLinear,0x302af9,0x7c
jni-adapter,Java_javax_microedition_m3g_Fog_setMode,0x302b75,0x20
jni-adapter,Java_javax_microedition_m3g_Fog_setDensity,0x302b95,0x20
jni-adapter,Java_javax_microedition_m3g_Fog_setColor,0x302bb5,0x20
jni-adapter,Java_javax_microedition_m3g_Fog_getFarDistance,0x302bd5,0x20
jni-adapter,Java_javax_microedition_m3g_Fog_getNearDistance,0x302bf5,0x20
jni-adapter,Java_javax_microedition_m3g_Fog_getDensity,0x302c15,0x20
jni-adapter,Java_javax_microedition_m3g_Fog_getMode,0x302c35,0x20
jni-adapter,Java_javax_microedition_m3g_Fog_getColor,0x302c55,0x20
jni-adapter,Java_javax_microedition_m3g_Fog_create,0x302c75,0x20
jni-adapter,Java_javax_microedition_m3g_Fog_finalize,0x302c95,0x18
jni-adapter,Java_javax_microedition_m3g_Graphics3D_getCapability,0x302cad,0x3c
jni-adapter,Java_javax_microedition_m3g_Graphics3D_resetLights,0x302ce9,0x6c
jni-adapter,Java_javax_microedition_m3g_Graphics3D_addLightImpl,0x302d55,0xc8
jni-adapter,Java_javax_microedition_m3g_Graphics3D_getLightImpl,0x302e1d,0xb0
jni-adapter,Java_javax_microedition_m3g_Graphics3D_setLightImpl,0x302ecd,0xcc
jni-adapter,Java_javax_microedition_m3g_Graphics3D_setCameraImpl,0x302f99,0xc4
jni-adapter,Java_javax_microedition_m3g_Graphics3D_getCameraImpl,0x30305d,0xac
jni-adapter,Java_javax_microedition_m3g_Graphics3D_renderWorld,0x303109,0xb8
jni-adapter,Java_javax_microedition_m3g_Graphics3D_renderNode,0x3031c1,0xd4
jni-adapter,Java_javax_microedition_m3g_Graphics3D_renderPrimitive,0x303295,0x11c
jni-adapter,Java_javax_microedition_m3g_Graphics3D_clearImpl,0x3033b1,0xb8
jni-adapter,Java_javax_microedition_m3g_Graphics3D_setDepthRange,0x303469,0x7c
jni-adapter,Java_javax_microedition_m3g_Graphics3D_setViewportImpl,0x3034e5,0xb0
jni-adapter,Java_javax_microedition_m3g_Graphics3D_releaseTargetGraphics,0x303595,0x18
jni-adapter,Java_javax_microedition_m3g_Graphics3D_bindTargetGraphics,0x3035ad,0x18
jni-adapter,Java_javax_microedition_m3g_Graphics3D_setHints,0x3035c5,0x7c
jni-adapter,Java_javax_microedition_m3g_Graphics3D_setBackBufferImage2D,0x303641,0xa4
jni-adapter,Java_javax_microedition_m3g_Graphics3D_createImpl,0x3036e5,0x30
jni-adapter,Java_javax_microedition_m3g_Graphics3D_getLightCount,0x303715,0x20
jni-adapter,Java_javax_microedition_m3g_Graphics3D_getHints,0x303735,0x20
jni-adapter,Java_javax_microedition_m3g_Graphics3D_isDepthBufferEnabled,0x303755,0x20
jni-adapter,Java_javax_microedition_m3g_Graphics3D_getDepthRangeFar,0x303775,0x20
jni-adapter,Java_javax_microedition_m3g_Graphics3D_getDepthRangeNear,0x303795,0x20
jni-adapter,Java_javax_microedition_m3g_Graphics3D_finalize,0x3037b5,0x18
jni-adapter,Java_javax_microedition_m3g_Group_pickCamera,0x3037cd,0xe4
jni-adapter,Java_javax_microedition_m3g_Group_pickNode,0x3038b1,0xd8
jni-adapter,Java_javax_microedition_m3g_Group_removeChild,0x303989,0x24
jni-adapter,Java_javax_microedition_m3g_Group_addChildImpl,0x3039ad,0x24
jni-adapter,Java_javax_microedition_m3g_Group_getChildImpl,0x3039d1,0x80
jni-adapter,Java_javax_microedition_m3g_Group_getChildCount,0x303a51,0x20
jni-adapter,Java_javax_microedition_m3g_Group_create,0x303a71,0x20
jni-adapter,Java_javax_microedition_m3g_Group_finalize,0x303a91,0x18
jni-adapter,Java_javax_microedition_m3g_Image2D_createImageImpl,0x303aa9,0x18
jni-adapter,Java_javax_microedition_m3g_Image2D_setRGB,0x303ac1,0x18
jni-adapter,Java_javax_microedition_m3g_Image2D_set,0x303ad9,0xf0
jni-adapter,Java_javax_microedition_m3g_Image2D_isMutable,0x303bc9,0x64
jni-adapter,Java_javax_microedition_m3g_Image2D_getHeight,0x303c2d,0x20
jni-adapter,Java_javax_microedition_m3g_Image2D_getWidth,0x303c4d,0x20
jni-adapter,Java_javax_microedition_m3g_Image2D_getFormat,0x303c6d,0x20
jni-adapter,Java_javax_microedition_m3g_Image2D_createUninitialized,0x303c8d,0x44
jni-adapter,Java_javax_microedition_m3g_Image2D_createMutable,0x303cd1,0x40
jni-adapter,Java_javax_microedition_m3g_Image2D_createPalettized,0x303d11,0x104
jni-adapter,Java_javax_microedition_m3g_Image2D_create,0x303e15,0xbc
jni-adapter,Java_javax_microedition_m3g_Image2D_finalize,0x303ed1,0x18
jni-adapter,Java_javax_microedition_m3g_IndexBuffer_getIndicesImpl,0x303ee9,0xe8
jni-adapter,Java_javax_microedition_m3g_IndexBuffer_getIndexCountImpl,0x303fd1,0x60
jni-adapter,Java_javax_microedition_m3g_KeyframeSequence_setValidRange,0x304031,0x7c
jni-adapter,Java_javax_microedition_m3g_KeyframeSequence_setKeyframe,0x3040ad,0xe0
jni-adapter,Java_javax_microedition_m3g_KeyframeSequence_getKeyframe,0x30418d,0xfc
jni-adapter,Java_javax_microedition_m3g_KeyframeSequence_setRepeatMode,0x304289,0x20
jni-adapter,Java_javax_microedition_m3g_KeyframeSequence_setDuration,0x3042a9,0x20
jni-adapter,Java_javax_microedition_m3g_KeyframeSequence_getValidRangeLast,0x3042c9,0x20
jni-adapter,Java_javax_microedition_m3g_KeyframeSequence_getValidRangeFirst,0x3042e9,0x20
jni-adapter,Java_javax_microedition_m3g_KeyframeSequence_getInterpolationType,0x304309,0x20
jni-adapter,Java_javax_microedition_m3g_KeyframeSequence_getComponentCount,0x304329,0x20
jni-adapter,Java_javax_microedition_m3g_KeyframeSequence_getKeyframeCount,0x304349,0x20
jni-adapter,Java_javax_microedition_m3g_KeyframeSequence_getRepeatMode,0x304369,0x20
jni-adapter,Java_javax_microedition_m3g_KeyframeSequence_getDuration,0x304389,0x20
jni-adapter,Java_javax_microedition_m3g_KeyframeSequence_create,0x3043a9,0x40
jni-adapter,Java_javax_microedition_m3g_KeyframeSequence_finalize,0x3043e9,0x18
jni-adapter,Java_javax_microedition_m3g_Light_setAttenuation,0x304401,0x7c
jni-adapter,Java_javax_microedition_m3g_Light_setSpotExponent,0x30447d,0x20
jni-adapter,Java_javax_microedition_m3g_Light_setSpotAngle,0x30449d,0x20
jni-adapter,Java_javax_microedition_m3g_Light_setIntensity,0x3044bd,0x78
jni-adapter,Java_javax_microedition_m3g_Light_setColor,0x304535,0x20
jni-adapter,Java_javax_microedition_m3g_Light_setMode,0x304555,0x78
jni-adapter,Java_javax_microedition_m3g_Light_getQuadraticAttenuation,0x3045cd,0x20
jni-adapter,Java_javax_microedition_m3g_Light_getLinearAttenuation,0x3045ed,0x20
jni-adapter,Java_javax_microedition_m3g_Light_getConstantAttenuation,0x30460d,0x20
jni-adapter,Java_javax_microedition_m3g_Light_getSpotExponent,0x30462d,0x20
jni-adapter,Java_javax_microedition_m3g_Light_getSpotAngle,0x30464d,0x20
jni-adapter,Java_javax_microedition_m3g_Light_getIntensity,0x30466d,0x20
jni-adapter,Java_javax_microedition_m3g_Light_getColor,0x30468d,0x20
jni-adapter,Java_javax_microedition_m3g_Light_getMode,0x3046ad,0x60
jni-adapter,Java_javax_microedition_m3g_Light_create,0x30470d,0x20
jni-adapter,Java_javax_microedition_m3g_Light_finalize,0x30472d,0x18
jni-adapter,Java_javax_microedition_m3g_Loader_getImage2DEncoding,0x304745,0x18
jni-adapter,Java_javax_microedition_m3g_Loader_resolveXREF,0x30475d,0x94
jni-adapter,Java_javax_microedition_m3g_Loader_getXREFName,0x3047f1,0xe0
jni-adapter,Java_javax_microedition_m3g_Loader_getRootImpl,0x3048d1,0x70
jni-adapter,Java_javax_microedition_m3g_Loader_getRootCount,0x304941,0x60
jni-adapter,Java_javax_microedition_m3g_Loader_onError,0x3049a1,0x78
jni-adapter,Java_javax_microedition_m3g_Loader_onData,0x304a19,0xe4
jni-adapter,Java_javax_microedition_m3g_Loader_onDataEnd,0x304afd,0x70
jni-adapter,Java_javax_microedition_m3g_Loader_onDataStart,0x304b6d,0x80
jni-adapter,Java_javax_microedition_m3g_Loader_getbContainsExtensions,0x304bed,0x64
jni-adapter,Java_javax_microedition_m3g_Loader_createImpl,0x304c51,0x30
jni-adapter,Java_javax_microedition_m3g_Loader_finalize,0x304c81,0x18
jni-adapter,Java_javax_microedition_m3g_Material_setColor,0x304c99,0x7c
jni-adapter,Java_javax_microedition_m3g_Material_getColor,0x304d15,0x80
jni-adapter,Java_javax_microedition_m3g_Material_setVertexColorTrackingEnable,0x304d95,0x20
jni-adapter,Java_javax_microedition_m3g_Material_setShininess,0x304db5,0x20
jni-adapter,Java_javax_microedition_m3g_Material_isVertexColorTrackingEnabled,0x304dd5,0x20
jni-adapter,Java_javax_microedition_m3g_Material_getShininess,0x304df5,0x20
jni-adapter,Java_javax_microedition_m3g_Material_create,0x304e15,0x20
jni-adapter,Java_javax_microedition_m3g_Material_finalize,0x304e35,0x18
jni-adapter,Java_javax_microedition_m3g_Mesh_setAppearanceImpl,0x304e4d,0xa8
jni-adapter,Java_javax_microedition_m3g_Mesh_getAppearanceImpl,0x304ef5,0x80
jni-adapter,Java_javax_microedition_m3g_Mesh_getIndexBufferImpl,0x304f75,0x80
jni-adapter,Java_javax_microedition_m3g_Mesh_getVertexBufferImpl,0x304ff5,0x20
jni-adapter,Java_javax_microedition_m3g_Mesh_getSubmeshCount,0x305015,0x20
jni-adapter,Java_javax_microedition_m3g_Mesh_createSingleSubmesh,0x305035,0xc8
jni-adapter,Java_javax_microedition_m3g_Mesh_createMultiSubmesh,0x3050fd,0x118
jni-adapter,Java_javax_microedition_m3g_Mesh_finalize,0x305215,0x18
jni-adapter,Java_javax_microedition_m3g_MorphingMesh_setWeights,0x30522d,0xd0
jni-adapter,Java_javax_microedition_m3g_MorphingMesh_getWeights,0x3052fd,0xe8
jni-adapter,Java_javax_microedition_m3g_MorphingMesh_getMorphTargetImpl,0x3053e5,0x80
jni-adapter,Java_javax_microedition_m3g_MorphingMesh_getMorphTargetCount,0x305465,0x20
jni-adapter,Java_javax_microedition_m3g_MorphingMesh_createSingleSubmesh,0x305485,0x120
jni-adapter,Java_javax_microedition_m3g_MorphingMesh_createMultiSubmesh,0x3055a5,0x160
jni-adapter,Java_javax_microedition_m3g_MorphingMesh_finalize,0x305705,0x18
jni-adapter,Java_javax_microedition_m3g_Node_align,0x30571d,0x24
jni-adapter,Java_javax_microedition_m3g_Node_getAlignmentReferenceImpl,0x305741,0x80
jni-adapter,Java_javax_microedition_m3g_Node_getAlignmentTarget,0x3057c1,0x80
jni-adapter,Java_javax_microedition_m3g_Node_setAlignmentImpl,0x305841,0xd0
jni-adapter,Java_javax_microedition_m3g_Node_getTransformTo,0x305911,0xcc
jni-adapter,Java_javax_microedition_m3g_Node_setScope,0x3059dd,0x20
jni-adapter,Java_javax_microedition_m3g_Node_setPickingEnable,0x3059fd,0x20
jni-adapter,Java_javax_microedition_m3g_Node_setRenderingEnable,0x305a1d,0x20
jni-adapter,Java_javax_microedition_m3g_Node_setAlphaFactor,0x305a3d,0x20
jni-adapter,Java_javax_microedition_m3g_Node_getScope,0x305a5d,0x20
jni-adapter,Java_javax_microedition_m3g_Node_isPickingEnabled,0x305a7d,0x20
jni-adapter,Java_javax_microedition_m3g_Node_isRenderingEnabled,0x305a9d,0x20
jni-adapter,Java_javax_microedition_m3g_Node_getAlphaFactor,0x305abd,0x20
jni-adapter,Java_javax_microedition_m3g_Node_getParentImpl,0x305add,0x20
jni-adapter,Java_javax_microedition_m3g_Object3D_duplicateImpl,0x305afd,0x70
jni-adapter,Java_javax_microedition_m3g_Object3D_getUserParameterValue,0x305b6d,0xec
jni-adapter,Java_javax_microedition_m3g_Object3D_getUserParameterID,0x305c59,0x70
jni-adapter,Java_javax_microedition_m3g_Object3D_removeUserParameters,0x305cc9,0x5c
jni-adapter,Java_javax_microedition_m3g_Object3D_getReferencesImpl,0x305d25,0xe0
jni-adapter,Java_javax_microedition_m3g_Object3D_findImpl,0x305e05,0x70
jni-adapter,Java_javax_microedition_m3g_Object3D_animate,0x305e75,0x80
jni-adapter,Java_javax_microedition_m3g_Object3D_removeAnimationTrack,0x305ef5,0x94
jni-adapter,Java_javax_microedition_m3g_Object3D_addAnimationTrackImpl,0x305f89,0x24
jni-adapter,Java_javax_microedition_m3g_Object3D_getAnimationTrackImpl,0x305fad,0x80
jni-adapter,Java_javax_microedition_m3g_Object3D_setUserID,0x30602d,0x20
jni-adapter,Java_javax_microedition_m3g_Object3D_getAnimationTrackCount,0x30604d,0x20
jni-adapter,Java_javax_microedition_m3g_Object3D_getUserID,0x30606d,0x20
jni-adapter,Java_javax_microedition_m3g_PolygonMode_setTwoSidedLightingEnable,0x30608d,0x20
jni-adapter,Java_javax_microedition_m3g_PolygonMode_setPerspectiveCorrectionEnable,0x3060ad,0x20
jni-adapter,Java_javax_microedition_m3g_PolygonMode_setLocalCameraLightingEnable,0x3060cd,0x20
jni-adapter,Java_javax_microedition_m3g_PolygonMode_setWinding,0x3060ed,0x78
jni-adapter,Java_javax_microedition_m3g_PolygonMode_setShading,0x306165,0x78
jni-adapter,Java_javax_microedition_m3g_PolygonMode_setCulling,0x3061dd,0x78
jni-adapter,Java_javax_microedition_m3g_PolygonMode_isTwoSidedLightingEnabled,0x306255,0x20
jni-adapter,Java_javax_microedition_m3g_PolygonMode_isPerspectiveCorrectionEnabled,0x306275,0x20
jni-adapter,Java_javax_microedition_m3g_PolygonMode_isLocalCameraLightingEnabled,0x306295,0x20
jni-adapter,Java_javax_microedition_m3g_PolygonMode_getWinding,0x3062b5,0x60
jni-adapter,Java_javax_microedition_m3g_PolygonMode_getShading,0x306315,0x60
jni-adapter,Java_javax_microedition_m3g_PolygonMode_getCulling,0x306375,0x60
jni-adapter,Java_javax_microedition_m3g_PolygonMode_create,0x3063d5,0x20
jni-adapter,Java_javax_microedition_m3g_PolygonMode_finalize,0x3063f5,0x18
jni-adapter,Java_javax_microedition_m3g_RayIntersection_getRay,0x30640d,0xe8
jni-adapter,Java_javax_microedition_m3g_RayIntersection_getTextureT,0x3064f5,0x80
jni-adapter,Java_javax_microedition_m3g_RayIntersection_getTextureS,0x306575,0x80
jni-adapter,Java_javax_microedition_m3g_RayIntersection_getNormalZ,0x3065f5,0x20
jni-adapter,Java_javax_microedition_m3g_RayIntersection_getNormalY,0x306615,0x20
jni-adapter,Java_javax_microedition_m3g_RayIntersection_getNormalX,0x306635,0x20
jni-adapter,Java_javax_microedition_m3g_RayIntersection_getDistance,0x306655,0x20
jni-adapter,Java_javax_microedition_m3g_RayIntersection_getSubmeshIndex,0x306675,0x20
jni-adapter,Java_javax_microedition_m3g_RayIntersection_getIntersectedImpl,0x306695,0x20
jni-adapter,Java_javax_microedition_m3g_RayIntersection_create,0x3066b5,0x20
jni-adapter,Java_javax_microedition_m3g_RayIntersection_finalize,0x3066d5,0x18
jni-adapter,Java_javax_microedition_m3g_SkinnedMesh_getBoneTransform,0x3066ed,0xc4
jni-adapter,Java_javax_microedition_m3g_SkinnedMesh_getBoneVertices,0x3067b1,0x168
jni-adapter,Java_javax_microedition_m3g_SkinnedMesh_addTransformImpl,0x306919,0xb0
jni-adapter,Java_javax_microedition_m3g_SkinnedMesh_getSkeletonImpl,0x3069c9,0x20
jni-adapter,Java_javax_microedition_m3g_SkinnedMesh_createSingleSubmesh,0x3069e9,0xe8
jni-adapter,Java_javax_microedition_m3g_SkinnedMesh_createMultiSubmesh,0x306ad1,0x148
jni-adapter,Java_javax_microedition_m3g_SkinnedMesh_finalize,0x306c19,0x18
jni-adapter,Java_javax_microedition_m3g_Sprite3D_setCrop,0x306c31,0x80
jni-adapter,Java_javax_microedition_m3g_Sprite3D_isScaled,0x306cb1,0x64
jni-adapter,Java_javax_microedition_m3g_Sprite3D_setImageImpl,0x306d15,0x24
jni-adapter,Java_javax_microedition_m3g_Sprite3D_setAppearanceImpl,0x306d39,0x24
jni-adapter,Java_javax_microedition_m3g_Sprite3D_getCropY,0x306d5d,0x20
jni-adapter,Java_javax_microedition_m3g_Sprite3D_getCropX,0x306d7d,0x20
jni-adapter,Java_javax_microedition_m3g_Sprite3D_getCropWidth,0x306d9d,0x20
jni-adapter,Java_javax_microedition_m3g_Sprite3D_getCropHeight,0x306dbd,0x20
jni-adapter,Java_javax_microedition_m3g_Sprite3D_getImageImpl,0x306ddd,0x20
jni-adapter,Java_javax_microedition_m3g_Sprite3D_getAppearanceImpl,0x306dfd,0x20
jni-adapter,Java_javax_microedition_m3g_Sprite3D_create,0x306e1d,0xb0
jni-adapter,Java_javax_microedition_m3g_Sprite3D_finalize,0x306ecd,0x18
jni-adapter,Java_javax_microedition_m3g_Texture2D_setFiltering,0x306ee5,0x7c
jni-adapter,Java_javax_microedition_m3g_Texture2D_setWrapping,0x306f61,0x7c
jni-adapter,Java_javax_microedition_m3g_Texture2D_getWrappingT,0x306fdd,0x60
jni-adapter,Java_javax_microedition_m3g_Texture2D_getWrappingS,0x30703d,0x60
jni-adapter,Java_javax_microedition_m3g_Texture2D_setBlendColor,0x30709d,0x20
jni-adapter,Java_javax_microedition_m3g_Texture2D_setBlending,0x3070bd,0x20
jni-adapter,Java_javax_microedition_m3g_Texture2D_setImageImpl,0x3070dd,0xa8
jni-adapter,Java_javax_microedition_m3g_Texture2D_getLevelFilter,0x307185,0x20
jni-adapter,Java_javax_microedition_m3g_Texture2D_getImageFilter,0x3071a5,0x20
jni-adapter,Java_javax_microedition_m3g_Texture2D_getBlendColor,0x3071c5,0x20
jni-adapter,Java_javax_microedition_m3g_Texture2D_getBlending,0x3071e5,0x20
jni-adapter,Java_javax_microedition_m3g_Texture2D_getImageImpl,0x307205,0x20
jni-adapter,Java_javax_microedition_m3g_Texture2D_create,0x307225,0x70
jni-adapter,Java_javax_microedition_m3g_Texture2D_finalize,0x307295,0x18
jni-adapter,Java_javax_microedition_m3g_Transform_transpose,0x3072ad,0x5c
jni-adapter,Java_javax_microedition_m3g_Transform_transformPoints,0x307309,0xe8
jni-adapter,Java_javax_microedition_m3g_Transform_transform,0x3073f1,0x118
jni-adapter,Java_javax_microedition_m3g_Transform_postTranslate,0x307509,0x84
jni-adapter,Java_javax_microedition_m3g_Transform_postScale,0x30758d,0x84
jni-adapter,Java_javax_microedition_m3g_Transform_postRotateQuat,0x307611,0x88
jni-adapter,Java_javax_microedition_m3g_Transform_postRotate,0x307699,0x88
jni-adapter,Java_javax_microedition_m3g_Transform_postMultiply,0x307721,0x24
jni-adapter,Java_javax_microedition_m3g_Transform_setTransform,0x307745,0x24
jni-adapter,Java_javax_microedition_m3g_Transform_invert,0x307769,0x6c
jni-adapter,Java_javax_microedition_m3g_Transform_setIdentity,0x3077d5,0x5c
jni-adapter,Java_javax_microedition_m3g_Transform_setMatrix,0x307831,0xcc
jni-adapter,Java_javax_microedition_m3g_Transform_get,0x3078fd,0xe8
jni-adapter,Java_javax_microedition_m3g_Transform_createCopy,0x3079e5,0x70
jni-adapter,Java_javax_microedition_m3g_Transform_create,0x307a55,0x20
jni-adapter,Java_javax_microedition_m3g_Transform_finalize,0x307a75,0x18
jni-adapter,Java_javax_microedition_m3g_Transformable_setTransform,0x307a8d,0x24
jni-adapter,Java_javax_microedition_m3g_Transformable_getCompositeTransform,0x307ab1,0xa4
jni-adapter,Java_javax_microedition_m3g_Transformable_getTransform,0x307b55,0xa4
jni-adapter,Java_javax_microedition_m3g_Transformable_postRotate,0x307bf9,0x88
jni-adapter,Java_javax_microedition_m3g_Transformable_preRotate,0x307c81,0x88
jni-adapter,Java_javax_microedition_m3g_Transformable_scale,0x307d09,0x84
jni-adapter,Java_javax_microedition_m3g_Transformable_translate,0x307d8d,0x84
jni-adapter,Java_javax_microedition_m3g_Transformable_setOrientation,0x307e11,0x88
jni-adapter,Java_javax_microedition_m3g_Transformable_setScale,0x307e99,0x84
jni-adapter,Java_javax_microedition_m3g_Transformable_setTranslation,0x307f1d,0x84
jni-adapter,Java_javax_microedition_m3g_Transformable_getOrientation,0x307fa1,0x11c
jni-adapter,Java_javax_microedition_m3g_Transformable_getScale,0x3080bd,0x120
jni-adapter,Java_javax_microedition_m3g_Transformable_getTranslation,0x3081dd,0x120
jni-adapter,Java_javax_microedition_m3g_TriangleStripArray_createExplicit,0x3082fd,0xec
jni-adapter,Java_javax_microedition_m3g_TriangleStripArray_createImplicit,0x3083e9,0xa4
jni-adapter,Java_javax_microedition_m3g_TriangleStripArray_finalize,0x30848d,0x18
jni-adapter,Java_javax_microedition_m3g_VertexArray_set8,0x3084a5,0xe0
jni-adapter,Java_javax_microedition_m3g_VertexArray_get8,0x308585,0xfc
jni-adapter,Java_javax_microedition_m3g_VertexArray_set16,0x308681,0xe0
jni-adapter,Java_javax_microedition_m3g_VertexArray_get16,0x308761,0xfc
jni-adapter,Java_javax_microedition_m3g_VertexArray_getComponentType,0x30885d,0x20
jni-adapter,Java_javax_microedition_m3g_VertexArray_getComponentCount,0x30887d,0x20
jni-adapter,Java_javax_microedition_m3g_VertexArray_getVertexCount,0x30889d,0x20
jni-adapter,Java_javax_microedition_m3g_VertexArray_create,0x3088bd,0x40
jni-adapter,Java_javax_microedition_m3g_VertexArray_finalize,0x3088fd,0x18
jni-adapter,Java_javax_microedition_m3g_VertexBuffer_setTexCoordsImpl,0x308915,0x100
jni-adapter,Java_javax_microedition_m3g_VertexBuffer_getTexCoordsImpl,0x308a15,0xf8
jni-adapter,Java_javax_microedition_m3g_VertexBuffer_setPositionsImpl,0x308b0d,0xf8
jni-adapter,Java_javax_microedition_m3g_VertexBuffer_getPositionsImpl,0x308c05,0xec
jni-adapter,Java_javax_microedition_m3g_VertexBuffer_setDefaultColor,0x308cf1,0x20
jni-adapter,Java_javax_microedition_m3g_VertexBuffer_setColorsImpl,0x308d11,0xa8
jni-adapter,Java_javax_microedition_m3g_VertexBuffer_setNormalsImpl,0x308db9,0xa8
jni-adapter,Java_javax_microedition_m3g_VertexBuffer_getVertexCount,0x308e61,0x20
jni-adapter,Java_javax_microedition_m3g_VertexBuffer_getDefaultColor,0x308e81,0x20
jni-adapter,Java_javax_microedition_m3g_VertexBuffer_getColorsImpl,0x308ea1,0x20
jni-adapter,Java_javax_microedition_m3g_VertexBuffer_getNormalsImpl,0x308ec1,0x20
jni-adapter,Java_javax_microedition_m3g_VertexBuffer_create,0x308ee1,0x20
jni-adapter,Java_javax_microedition_m3g_VertexBuffer_finalize,0x308f01,0x18
jni-adapter,Java_javax_microedition_m3g_World_setBackgroundImpl,0x308f19,0x24
jni-adapter,Java_javax_microedition_m3g_World_setActiveCameraImpl,0x308f3d,0x24
jni-adapter,Java_javax_microedition_m3g_World_getBackgroundImpl,0x308f61,0x20
jni-adapter,Java_javax_microedition_m3g_World_getActiveCameraImpl,0x308f81,0x20
jni-adapter,Java_javax_microedition_m3g_World_create,0x308fa1,0x20
jni-adapter,Java_javax_microedition_m3g_World_finalize,0x308fc1,0x18
vm-glue,SWV_Engine_getHandleSize,0x308fd9,0x4
vm-glue,SWV_Engine_initialize,0x308fdd,0x18
vm-glue,SWV_GetImage2DEncoding,0x308ff5,0x50
vm-glue,SWV_Constructor_HandleReturn,0x309199,0x28
vm-glue,SWV_Engine_getBranchNumber,0x3091c1,0x20
vm-glue,SWV_Engine_getRevisionMinor,0x3091e1,0x20
vm-glue,SWV_Engine_getRevisionMajor,0x309201,0x20
vm-glue,SWV_Engine_getVersionMinor,0x309221,0x20
vm-glue,SWV_Engine_getVersionMajor,0x309241,0x20
vm-glue,SWV_Engine_getHandleType,0x309261,0x2c
vm-glue,SWV_Engine_releaseHandle,0x30928d,0x24
vm-glue,SWV_GetSwerveHandleFromPeer,0x3092b1,0x34
vm-glue,SWV_UnSafeMethod_Handle,0x3092e5,0xa4
vm-glue,SWV_UnSafeSetter_Handle,0x309389,0xa8
vm-glue,SWV_Setter_Handle,0x309431,0x94
vm-glue,SWV_Getter_Handle,0x3094c5,0x68
vm-glue,SWV_UnSafeSetter_Float,0x30952d,0x7c
vm-glue,SWV_Getter_Float,0x3095a9,0x68
vm-glue,SWV_UnSafeSetter_Integer,0x309611,0x7c
vm-glue,SWV_Setter_Integer,0x30968d,0x6c
vm-glue,SWV_Getter_Integer,0x3096f9,0x68
vm-glue,SWV_Setter_Boolean,0x309761,0x70
vm-glue,SWV_Getter_Boolean,0x3097d1,0x6c
vm-glue,SWV_Engine_cacheFID,0x30983d,0x7c
vm-glue,SWV_Finalize,0x3098b9,0x278
vm-glue,SWV_FreeArrayBytes,0x309b31,0x18
vm-glue,SWV_RestoreArrayBytes,0x309b49,0x2c
vm-glue,SWV_SetArrayBytes,0x309b75,0x2c
vm-glue,SWV_GetArrayBytes,0x309ba1,0xe8
vm-glue,SWV_Image2D_createPNG,0x309c89,0xc4
vm-glue,SWV_Image2D_setRGB,0x309d4d,0x42c
vm-glue,SWV_BindTargetCritical,0x30a179,0x140
vm-glue,SWV_ReleaseTargetGraphics,0x30a2b9,0x98
vm-glue,SWV_BindTargetGraphics,0x30a351,0xc8
vm-glue,swvGetVM_ID,0x30a419,0x4
vm-glue,swvEngineUninitialize,0x30a41d,0x24
vm-glue,swvEngineInitialize,0x30a441,0x30
vm-glue,swvGetImage2DEncoding,0x30a471,0xdc
vm-glue,swvKNIGraphicsUpdateBackBufferData,0x30a54d,0x2c
vm-glue,swvKNIGraphicsGetBackBufferData,0x30a579,0x38
vm-glue,swvKNIGraphicsSetBackBufferData,0x30a5b1,0x38
